Date,Province Old,Suspected Cases Last Date,Suspected Cases Last 24 Hrs,Suspected Cases Cumulative,Lab Tests Last 24 Hrs,Lab Tests Cumulative,Confirmed Cases Last Date,Confirmed Cases Last 24 Hrs,Confirmed Cases Cumulative, Deaths Last Date, Deaths Last 24 Hrs, Deaths Cumulative, Deaths Ventilator Last 24 Hrs,Transmission Total,Transmission Foreign - Iran,Transmission Foreign - Iran %,Transmission Foreign - Other,Transmission Foreign - Other %,Transmission Local - Tableegh,Transmission Local % - Tableegh,Transmission Local - Others,Transmission Local % - Others,Transmission Local,Transmission Local %,Total Hospitals,Beds for COVID,Total Admitted,Admitted Stable,Admitted Critical,Admitted Venilator,Home Quarantine,Recovered,Death,Quarantine Facilities,Last 24 Hrs Arrival,Last 24 Hrs (Location),Last 24 Hrs Departure,Cumulative Quarantined,Number of Tests,Results Achieved,Test Positive Cases,Test Positive Cases %,Confirmed HW - Active Doctors,Confirmed HW - Active Nurses,Confirmed HW - Active Others,Confirmed HW - Active Total,Confirmed HW - Active Isolation,Confirmed HW - Active Hospital,Confirmed HW - Active Hospital Stable,Confirmed HW - Active Hospital Ventilator,Confirmed HW - Active Recovered,Confirmed HW - Active Deaths,Test
4/4/2020,AJK,322,21,343,21,343,9,2,11,0,0,0,0,11,1,0.09,2,0.18,0,0,0,0,8,0.73,14,262,11,11,0,0,0,0,0,57,10,0,61,192,107,102,5,0.05,0,0,0,0,0,0,0,0,0,0,
4/4/2020,Balochistan,2171,230,2401,0,2401,169,6,175,1,0,1,0,175,139,0.79,2,0.01,0,0,0,0,34,0.19,74,1699,132,132,0,0,25,17,1,68,17,0,0,273,230,230,6,0.03,0,0,0,0,0,0,0,0,0,0,
4/4/2020,GB,961,2,963,844,860,190,3,193,3,0,3,0,193,155,0.8,5,0.03,0,0,0,0,33,0.17,26,151,12,12,0,0,169,9,3,47,0,0,232,274,963,860,193,0.23,0,0,0,0,0,0,0,0,0,0,
4/4/2020,ICT,2395,174,2569,174,2569,68,7,75,0,0,0,0,75,0,0,17,0.23,0,0,0,0,58,0.77,2,40,14,12,2,0,58,3,0,6,213,0,0,243,213,27,2,0.07,0,0,0,0,0,0,0,0,0,0,
4/4/2020,KP,1938,431,2369,181,1624,311,32,343,9,2,11,0,343,69,0.2,163,0.48,0,0,0,0,111,0.32,141,3046,92,87,5,0,210,30,11,102,113,0,140,3306,1640,1011,293,0.29,0,0,0,0,0,0,0,0,0,0,
4/4/2020,Punjab,5122,334,5456,1087,16508,920,152,1072,11,0,11,0,1072,309,0.29,472,0.44,0,0,0,0,291,0.27,147,1592,506,505,1,0,549,6,11,33,1298,0,0,4254,3672,2606,560,0.21,0,0,0,0,0,0,0,0,0,0,
4/4/2020,Sindh,7504,1121,8625,1121,8625,783,56,839,11,3,14,0,839,280,0.33,64,0.08,0,0,0,0,495,0.59,45,505,391,386,5,0,369,65,14,5,0,0,0,1363,1388,1388,280,0.2,0,0,0,0,0,0,0,0,0,0,
4/5/2020,AJK,343,42,385,42,385,11,1,12,0,0,0,0,12,1,0.08,2,0.17,0,0,0,0,9,0.75,14,262,11,11,0,0,0,1,0,57,25,0,92,170,119,102,5,0.05,0,0,0,0,0,0,0,0,0,0,
4/5/2020,Balochistan,2381,132,2513,132,2513,175,10,185,1,0,1,0,185,139,0.75,2,0.01,0,0,0,0,44,0.24,87,1699,133,133,0,0,34,17,1,68,8,0,90,335,2513,2513,185,0.07,0,0,0,0,0,0,0,0,0,0,
4/5/2020,GB,963,95,1058,116,975,193,13,206,3,0,3,0,206,161,0.78,10,0.05,0,0,0,0,35,0.17,26,151,12,12,0,0,182,9,3,47,0,0,0,274,1058,975,206,0.21,0,0,0,0,0,0,0,0,0,0,
4/5/2020,ICT,2569,175,2744,175,2744,75,3,78,0,0,0,0,78,0,0,17,0.22,0,0,0,0,61,0.78,2,40,10,8,2,0,65,3,0,10,180,0,0,426,180,27,2,0.07,0,0,0,0,0,0,0,0,0,0,
4/5/2020,KP,2369,179,2548,147,1769,343,29,372,11,3,14,0,372,69,0.19,172,0.46,0,0,0,0,131,0.35,141,3046,95,85,10,0,233,30,14,103,126,0,191,3342,1759,1278,315,0.25,0,0,0,0,0,0,0,0,0,0,
4/5/2020,Punjab,5456,2403,7859,1145,17653,1072,91,1163,11,1,12,0,1163,309,0.27,509,0.44,0,0,0,0,345,0.3,147,1592,526,525,1,0,600,25,12,33,7747,0,0,12001,4806,4475,591,0.13,0,0,0,0,0,0,0,0,0,0,
4/5/2020,Sindh,8625,221,8846,221,8846,839,25,864,14,1,15,0,864,280,0.32,67,0.08,0,0,0,0,517,0.6,45,505,390,385,5,0,374,85,15,5,0,0,0,1363,1388,1388,280,0.2,0,0,0,0,0,0,0,0,0,0,
4/6/2020,AJK,385,15,400,15,400,12,3,15,0,0,0,0,15,2,0.13,4,0.27,0,0,0,0,9,0.6,14,262,14,14,0,0,0,1,0,57,19,0,94,171,135,117,8,0.07,0,0,0,0,0,0,0,0,0,0,
4/6/2020,Balochistan,3085,419,3504,264,2777,185,6,191,1,0,1,0,191,139,0.73,2,0.01,0,0,0,0,44,0.23,87,1699,112,112,0,0,48,30,1,68,0,0,0,304,2777,2546,191,0.08,0,0,0,0,0,0,0,0,0,0,
4/6/2020,GB,1058,4,1062,23,998,206,4,210,3,0,3,0,210,163,0.78,5,0.02,0,0,0,0,42,0.2,26,151,12,12,0,0,182,13,3,47,0,0,119,145,1062,998,210,0.21,0,0,0,0,0,0,0,0,0,0,
4/6/2020,ICT,2744,127,2871,127,2871,78,4,82,0,0,0,0,82,0,0,17,0.21,0,0,0,0,65,0.79,2,40,11,9,2,0,68,3,0,10,0,0,321,105,396,423,24,0.06,0,0,0,0,0,0,0,0,0,0,
4/6/2020,KP,2548,334,2882,205,1974,372,33,405,14,2,16,0,405,69,0.17,172,0.42,0,0,0,0,164,0.4,141,3046,120,117,3,0,207,62,16,103,144,0,96,3417,1903,1412,350,0.25,0,0,0,0,0,0,0,0,0,0,
4/6/2020,Punjab,7859,823,8682,1014,17724,1163,330,1493,12,3,15,0,1493,309,0.21,761,0.51,0,0,0,0,423,0.28,147,1592,653,652,1,0,800,25,15,34,373,0,0,12374,5109,4524,842,0.19,0,0,0,0,0,0,0,0,0,0,
4/6/2020,Sindh,8846,285,9131,285,9131,864,17,881,15,0,15,0,881,280,0.32,69,0.08,0,0,0,0,532,0.6,45,505,363,352,11,0,380,123,15,5,0,0,0,1363,1388,1388,280,0.2,0,0,0,0,0,0,0,0,0,0,
4/7/2020,AJK,400,84,484,84,484,15,3,18,0,0,0,0,18,2,0.11,4,0.22,2,0.11,10,0.56,12,0.67,14,262,17,17,0,0,0,1,0,57,20,0,112,157,155,117,10,0.085,0,0,0,0,0,0,0,0,0,0,
4/7/2020,Balochistan,3085,371,3456,221,2998,191,11,202,1,0,1,0,202,139,0.69,2,0.01,2,0.01,59,0.29,61,0.3,87,1699,87,86,1,0,51,63,1,68,19,0,34,313,2998,2848,202,0.07,0,0,0,0,0,0,0,0,0,0,
4/7/2020,GB,1062,49,1111,17,1015,210,1,211,3,0,3,0,211,163,0.77,5,0.02,0,0,0,0,42,0.2,26,151,14,14,0,0,179,15,3,47,5,0,2,148,1111,1015,211,0.21,0,0,0,0,0,0,0,0,0,0,
4/7/2020,ICT,2871,50,2921,50,2921,82,1,83,0,1,1,0,83,0,0,17,0.2,10,0.12,56,0.67,66,0.8,2,40,17,16,1,0,62,3,1,10,137,0,81,161,0,423,24,0.06,0,0,0,0,0,0,0,0,0,0,
4/7/2020,KP,2882,134,3016,129,2103,405,85,500,16,1,17,0,500,69,0.14,182,0.36,0,0,0,0,249,0.5,141,3046,138,135,3,0,276,69,17,107,79,0,57,3487,2014,1550,384,0.25,0,0,0,0,0,0,0,0,0,0,
4/7/2020,Punjab,8682,704,9386,1929,20073,1493,425,1918,15,0,15,0,1918,576,0.3,766,0.4,536,0.28,40,0.02,576,0.3,147,1592,751,743,8,0,1127,25,15,34,0,0,0,12374,5383,4871,1252,0.26,0,0,0,0,0,0,0,0,0,0,
4/7/2020,Sindh,8931,658,9589,658,9589,881,51,932,15,2,17,0,932,280,0.3,69,0.07,0,0,0,0,583,0.63,45,505,287,272,15,0,375,253,17,5,0,0,124,97,1388,1388,280,0.2,0,0,0,0,0,0,0,0,0,0,
4/8/2020,AJK,484,50,534,50,534,18,1,19,0,0,0,0,19,2,0.11,4,0.21,3,0.16,10,0.53,13,0.68,14,262,18,18,0,0,0,1,0,57,20,0,112,173,149,123,10,0.08,0,0,0,0,0,0,0,0,0,0,
4/8/2020,Balochistan,3456,93,3549,93,3091,202,4,206,1,1,2,0,206,139,0.67,2,0.01,2,0.01,63,0.31,65,0.32,87,1699,77,77,0,0,52,75,2,68,29,0,17,267,3291,3091,206,0.07,0,0,0,0,0,0,0,0,0,0,
4/8/2020,GB,1111,64,1175,112,1127,211,1,212,3,0,3,0,212,163,0.77,5,0.02,5,0.02,39,0.18,44,0.21,26,151,14,14,0,0,180,15,3,47,0,0,27,121,1175,1127,212,0.19,0,0,0,0,0,0,0,0,0,0,
4/8/2020,ICT,2921,175,3096,175,3096,83,9,92,1,0,1,0,92,0,0,17,0.18,10,0.11,65,0.71,75,0.82,2,40,17,16,1,0,71,3,1,12,159,0,0,320,137,423,24,0.06,0,0,0,0,0,0,0,0,0,0,
4/8/2020,KP,3016,52,3068,159,2262,500,27,527,17,1,18,0,527,69,0.13,182,0.35,22,0.04,254,0.48,276,0.52,141,3046,197,194,3,0,242,70,18,107,79,0,57,3487,2014,1550,384,0.25,0,0,0,0,0,0,0,0,0,0,
4/8/2020,Punjab,9386,961,10347,1853,21826,1918,112,2030,15,1,16,0,2030,695,0.34,723,0.36,564,0.28,48,0.02,612,0.3,147,1592,713,706,7,0,1267,34,16,34,631,0,0,13005,6656,4871,1311,0.27,0,0,0,0,0,0,0,0,0,0,
4/8/2020,Sindh,9589,634,10223,634,10223,932,54,986,17,1,18,0,986,280,0.28,69,0.07,105,0.11,532,0.54,637,0.65,45,505,303,289,14,0,396,269,18,5,0,0,0,97,1388,1388,280,0.2,0,0,0,0,0,0,0,0,0,0,
4/9/2020,AJK,534,47,581,47,581,19,9,28,0,0,0,0,28,2,0.07,4,0.14,3,0.11,19,0.68,22,0.79,14,262,27,27,0,0,0,1,0,57,23,0,89,160,191,165,19,0.12,0,0,0,0,0,0,0,0,0,0,
4/9/2020,Balochistan,3549,160,3709,125,3216,206,6,212,2,0,2,0,212,139,0.66,2,0.01,2,0.01,69,0.33,71,0.33,87,1699,77,77,0,0,57,76,2,68,29,0,0,401,3616,3216,212,0.07,0,0,0,0,0,0,0,0,0,0,
4/9/2020,GB,1175,36,1211,16,1143,212,1,213,3,0,3,0,213,164,0.77,5,0.02,5,0.02,39,0.18,44,0.21,26,151,14,14,0,0,100,96,3,47,0,0,53,90,1211,1143,213,0.19,0,0,0,0,0,0,0,0,0,0,
4/9/2020,ICT,3096,137,3233,137,3233,92,10,102,1,0,1,0,102,0,0,17,0.17,10,0.1,75,0.74,85,0.83,2,40,11,10,1,0,80,10,1,14,146,0,265,208,0,688,28,0.04,0,0,0,0,0,0,0,0,0,0,
4/9/2020,KP,3068,254,3322,400,2662,527,31,560,18,2,20,0,560,69,0.12,182,0.33,22,0.04,287,0.51,309,0.55,141,3046,168,162,6,0,298,74,20,107,79,0,57,3487,2014,1550,384,0.25,0,0,0,0,0,0,0,0,0,0,
4/9/2020,Punjab,10347,1394,11741,1254,23080,2030,141,2171,16,1,17,0,2171,690,0.32,776,0.36,657,0.3,48,0.02,705,0.32,147,1592,752,744,8,0,1367,35,17,34,0,0,0,13005,6656,5364,1405,0.26,0,0,0,0,0,0,0,0,0,0,
4/9/2020,Sindh,10223,758,10981,758,10981,986,50,1036,18,2,20,0,1036,280,0.27,69,0.07,105,0.1,582,0.56,687,0.66,45,505,354,338,16,0,382,280,20,5,0,0,0,97,1388,1388,280,0.2,0,0,0,0,0,0,0,0,0,0,
4/10/2020,AJK,581,50,631,50,631,28,5,33,0,0,0,0,33,2,0.06,4,0.12,3,0.09,24,0.73,27,0.82,15,292,32,32,0,0,0,1,0,57,16,0,72,159,220,183,24,0.13,0,0,0,0,0,0,0,0,0,0,
4/10/2020,Balochistan,3709,300,4009,189,3405,212,7,219,1,0,1,0,219,146,0.67,2,0.01,2,0.01,69,0.32,71,0.32,87,1699,70,69,1,0,59,89,1,68,16,0,65,356,3916,3405,219,0.06,0,0,0,0,0,0,0,0,0,0,
4/10/2020,GB,1211,123,1334,123,1266,213,2,215,3,0,3,0,215,164,0.76,5,0.02,5,0.02,41,0.19,46,0.21,26,151,14,14,0,0,87,111,3,47,0,0,15,80,1334,1266,215,0.17,0,0,0,0,0,0,0,0,0,0,
4/10/2020,ICT,3233,142,3375,142,3375,102,5,107,1,0,1,0,107,0,0,17,0.16,10,0.09,80,0.75,90,0.84,2,40,18,17,1,0,78,10,1,14,236,0,31,413,0,719,28,0.04,0,0,0,0,0,0,0,0,0,0,
4/10/2020,KP,3322,365,3687,209,2871,560,65,620,20,2,22,0,620,69,0.11,182,0.29,22,0.04,347,0.56,369,0.6,141,3046,201,181,20,0,269,128,22,107,79,0,57,3487,2014,1550,384,0.25,0,0,0,0,0,0,0,0,0,0,
4/10/2020,Punjab,11741,1979,13720,1123,31535,2171,108,2279,17,1,18,0,2279,701,0.31,825,0.36,695,0.3,58,0.03,753,0.33,147,1592,745,740,5,0,1477,39,18,36,21,0,0,13026,6881,5702,1477,0.26,0,0,0,0,0,0,0,0,0,0,
4/10/2020,Sindh,10981,642,11623,642,11623,1036,92,1128,20,1,21,0,1128,280,0.25,69,0.06,119,0.11,660,0.59,779,0.69,169,4688,322,304,18,0,436,349,21,17,0,0,59,38,1388,1388,280,0.2,0,0,0,0,0,0,0,0,0,0,
4/11/2020,AJK,631,114,745,114,745,33,1,34,0,0,0,0,34,2,0.06,4,0.12,3,0.09,25,0.74,28,0.82,15,292,33,33,0,0,0,1,0,58,39,0,82,181,268,272,25,0.09,0,0,0,0,0,0,0,0,0,0,
4/11/2020,Balochistan,4009,100,4109,289,3694,219,1,220,1,0,1,0,220,146,0.66,2,0.01,3,0.01,69,0.31,72,0.33,87,1699,68,68,0,0,56,95,1,68,7,0,36,327,3916,3694,220,0.06,0,0,0,0,0,0,0,0,0,0,
4/11/2020,GB,1334,90,1424,68,1334,215,0,215,3,0,3,0,215,164,0.76,5,0.02,5,0.02,41,0.19,46,0.21,26,151,17,17,0,0,70,125,3,47,0,0,14,80,1424,1334,215,0.16,0,0,0,0,0,0,0,0,0,0,
4/11/2020,ICT,3375,105,3480,105,3480,107,6,113,1,0,1,0,113,0,0,17,0.15,10,0.09,86,0.76,96,0.85,113,40,15,14,1,0,84,13,1,16,22,0,178,257,0,719,28,0.04,0,0,0,0,0,0,0,0,0,0,
4/11/2020,KP,3687,81,3768,175,3046,620,39,656,22,3,25,0,656,69,0.11,182,0.28,140,0.21,265,0.4,405,0.62,141,3046,201,181,20,0,299,131,25,107,79,0,57,3487,2014,1550,384,0.25,0,0,0,0,0,0,0,0,0,0,
4/11/2020,Punjab,13720,2130,15850,1120,33328,2279,57,2336,18,1,19,0,2336,701,0.3,844,0.36,733,0.31,58,0.02,791,0.34,147,1592,764,756,8,0,1514,39,19,37,0,0,0,13026,6881,5799,1514,0.26,0,0,0,0,0,0,0,0,0,0,
4/11/2020,Sindh,11623,586,12209,586,12209,1128,86,1214,21,1,22,0,1214,280,0.23,69,0.06,119,0.1,746,0.61,865,0.71,169,4688,313,292,21,0,521,358,22,17,0,0,3,35,1388,1388,280,0.2,0,0,0,0,0,0,0,0,0,0,
4/12/2020,AJK,745,68,813,68,813,34,1,35,0,0,0,0,35,2,0.06,4,0.11,3,0.09,26,0.74,29,0.83,15,292,34,34,0,0,0,1,0,61,125,0,88,302,288,207,25,0.12,0,0,0,0,0,0,0,0,0,0,
4/12/2020,Balochistan,4016,83,4099,118,3812,220,8,228,2,0,2,0,228,146,0.64,2,0.01,3,0.01,77,0.34,80,0.35,87,1699,62,62,0,0,70,95,2,68,103,0,151,283,3812,3747,228,0.06,0,0,0,0,0,0,0,0,0,0,
4/12/2020,GB,1424,64,1488,74,1408,215,1,216,3,0,3,0,216,164,0.76,5,0.02,5,0.02,42,0.19,47,0.22,26,151,9,9,0,0,58,146,3,47,0,0,33,47,1488,1408,216,0.15,0,0,0,0,0,0,0,0,0,0,
4/12/2020,ICT,3480,90,3570,90,3570,113,6,119,1,0,1,0,119,0,0,17,0.14,10,0.08,92,0.77,102,0.86,2,40,17,15,2,0,88,13,1,16,185,0,185,257,0,719,28,0.04,0,0,0,0,0,0,0,0,0,0,
4/12/2020,KP,3768,464,4232,213,3259,656,45,697,25,6,31,0,697,69,0.1,182,0.26,140,0.2,306,0.44,446,0.64,141,3046,210,203,7,0,314,142,31,107,0,0,0,3487,2014,1550,384,0.25,0,0,0,0,0,0,0,0,0,0,
4/12/2020,Punjab,15850,2670,18520,1711,36199,2336,89,2425,19,2,21,0,2425,701,0.29,919,0.38,747,0.31,58,0.02,805,0.33,147,1592,765,756,9,0,1381,258,21,37,0,0,133,12893,6881,5811,1523,0.26,0,0,0,0,0,0,0,0,0,0,
4/12/2020,Sindh,12209,531,12740,531,12740,1214,104,1318,22,6,28,0,1318,280,0.21,69,0.05,119,0.09,850,0.64,969,0.74,169,4688,343,324,19,0,576,371,28,17,28,0,0,63,1388,1388,280,0.2,0,0,0,0,0,0,0,0,0,0,
4/13/2020,AJK,813,97,910,97,910,35,5,40,0,0,0,0,40,2,0.05,5,0.13,3,0.08,30,0.75,33,0.83,15,292,38,38,0,0,0,2,0,61,121,0,96,307,397,316,30,0.09,0,0,0,0,0,0,0,0,0,0,
4/13/2020,Balochistan,4099,123,4222,94,3906,228,2,230,2,0,2,0,230,146,0.63,2,0.01,3,0.01,79,0.34,82,0.36,87,1699,40,40,0,0,65,123,2,68,4,0,13,272,3906,3877,230,0.06,0,0,0,0,0,0,0,0,0,0,
4/13/2020,GB,1488,65,1553,68,1476,216,8,224,3,0,3,0,224,164,0.73,5,0.02,5,0.02,50,0.22,55,0.25,26,151,9,9,0,0,63,149,3,47,8,0,3,63,1553,1476,224,0.15,0,0,0,0,0,0,0,0,0,0,
4/13/2020,ICT,3570,266,3836,266,3836,119,12,131,1,0,1,0,131,0,0,18,0.14,11,0.08,102,0.78,113,0.86,2,40,24,21,3,0,91,15,1,16,74,0,102,229,0,1950,28,0.01,0,0,0,0,0,0,0,0,0,0,
4/13/2020,KP,4232,73,4305,219,3478,697,47,744,31,3,34,0,744,69,0.09,197,0.26,140,0.19,338,0.45,478,0.64,141,3046,211,202,9,0,354,145,34,107,0,0,0,3487,2014,1550,384,0.25,0,0,0,0,0,0,0,0,0,0,
4/13/2020,Punjab,18520,875,19395,1920,38199,2425,169,2594,21,2,23,0,2594,701,0.27,925,0.36,821,0.32,147,0.06,968,0.37,147,1592,832,822,10,0,1467,272,23,37,9,0,0,12902,6907,5894,1606,0.27,0,0,0,0,0,0,0,0,0,0,
4/13/2020,Sindh,12740,569,13309,569,13309,1318,93,1411,28,2,30,0,1411,280,0.2,69,0.05,119,0.08,943,0.67,1062,0.75,169,4688,347,325,22,0,645,389,30,17,0,0,0,63,1388,1388,280,0.2,0,0,0,0,0,0,0,0,0,0,
4/14/2020,AJK,910,82,992,82,992,40,3,43,0,0,0,0,43,2,0.05,5,0.12,3,0.07,33,0.77,36,0.84,16,304,39,39,0,0,0,4,0,60,26,0,99,313,397,352,33,0.09,0,0,0,0,0,0,0,0,0,0,
4/14/2020,Balochistan,4222,119,4341,106,4012,230,1,231,2,0,2,0,231,146,0.63,2,0.01,3,0.01,80,0.35,83,0.36,87,1699,34,34,0,0,71,124,2,68,0,0,0,376,4012,3982,231,0.06,0,0,0,0,0,0,0,0,0,0,
4/14/2020,GB,1553,91,1644,87,1563,224,9,233,3,0,3,0,233,166,0.71,5,0.02,8,0.03,54,0.23,62,0.27,26,151,9,9,0,0,66,155,3,47,0,0,3,60,1644,1563,233,0.15,0,0,0,0,0,0,0,0,0,0,
4/14/2020,ICT,3836,111,3947,111,3947,131,0,131,1,0,1,0,131,0,0,18,0.14,11,0.08,102,0.78,113,0.86,2,40,19,16,3,0,96,15,1,16,0,0,0,279,0,1950,28,0.01,0,0,0,0,0,0,0,0,0,0,
4/14/2020,KP,4305,478,4783,315,3793,744,56,800,34,1,35,0,800,69,0.09,197,0.25,168,0.21,366,0.46,534,0.67,141,3046,211,202,9,0,401,153,35,107,0,0,0,3487,2014,1550,384,0.25,0,0,0,0,0,0,0,0,0,0,
4/14/2020,Punjab,19395,2490,21885,1925,41781,2594,232,2826,23,1,24,0,2826,706,0.25,996,0.35,977,0.35,147,0.05,1124,0.4,147,1592,702,693,9,0,1592,508,24,37,0,0,0,12902,6907,6055,1767,0.29,0,0,0,0,0,0,0,0,0,0,
4/14/2020,Sindh,13309,531,13840,531,13840,1411,41,1452,30,1,31,0,1452,280,0.19,69,0.05,119,0.08,984,0.68,1103,0.76,169,4688,354,329,25,0,648,419,31,17,0,0,23,37,1388,1388,280,0.2,0,0,0,0,0,0,0,0,0,0,
4/15/2020,AJK,992,37,1029,37,1029,43,3,46,0,0,0,0,46,2,0.04,5,0.11,4,0.09,35,0.76,39,0.85,16,304,42,42,0,0,0,4,0,60,4,0,130,249,447,404,36,0.09,0,0,0,0,0,0,0,0,0,0,
4/15/2020,Balochistan,4203,95,4298,88,4100,231,9,240,2,0,2,0,240,146,0.61,2,0.01,3,0.01,89,0.37,92,0.38,87,1699,20,20,0,0,81,137,2,68,0,0,0,307,4180,4100,240,0.06,0,0,0,0,0,0,0,0,0,0,
4/15/2020,GB,1644,98,1742,55,1618,233,1,234,3,0,3,0,234,166,0.71,5,0.02,8,0.03,55,0.24,63,0.27,26,151,5,5,0,0,51,175,3,47,0,0,9,51,1742,1618,234,0.14,0,0,0,0,0,0,0,0,0,0,
4/15/2020,ICT,4353,120,4473,120,4473,131,9,140,1,0,1,0,140,0,0,18,0.13,11,0.08,111,0.79,122,0.87,2,40,16,15,1,0,106,17,1,16,0,0,150,129,2100,2100,28,0.01,0,0,0,0,0,0,0,0,0,0,
4/15/2020,KP,4783,305,5088,358,4151,800,65,865,35,3,38,0,865,69,0.08,197,0.23,233,0.27,366,0.42,599,0.69,141,3046,211,202,9,0,438,178,38,107,0,0,0,3487,2014,1550,384,0.25,0,0,0,0,0,0,0,0,0,0,
4/15/2020,Punjab,21885,2841,24726,1959,43565,2826,119,2945,24,4,28,0,2945,701,0.24,1042,0.35,1055,0.36,147,0.05,1202,0.41,147,1592,759,750,9,0,1650,508,28,37,0,0,796,12106,6907,6133,1845,0.3,0,0,0,0,0,0,0,0,0,0,
4/15/2020,Sindh,13840,663,14503,663,14503,1452,66,1518,31,4,35,0,1518,280,0.18,69,0.05,119,0.08,1050,0.69,1169,0.77,169,4688,443,418,25,0,613,427,35,17,0,0,0,58,1388,1388,280,0.2,0,0,0,0,0,0,0,0,0,0,
4/16/2020,AJK,1029,52,1081,52,1081,46,0,46,0,0,0,0,46,2,0.04,5,0.11,4,0.09,35,0.76,39,0.85,16,304,37,37,0,0,0,9,0,60,17,0,95,256,493,450,36,0.08,0,0,0,0,0,0,0,0,0,0,
4/16/2020,Balochistan,4298,72,4370,199,4299,240,40,280,2,1,3,0,280,146,0.52,2,0.01,5,0.02,127,0.45,132,0.47,87,1699,25,25,0,0,112,140,3,68,0,0,0,441,4369,4299,280,0.07,0,0,0,0,0,0,0,0,0,0,
4/16/2020,GB,1742,97,1839,46,1664,234,3,237,3,0,3,0,237,166,0.7,5,0.02,8,0.03,58,0.24,66,0.28,26,151,5,5,0,0,51,178,3,43,25,0,3,73,1839,1664,237,0.14,0,0,0,0,0,0,0,0,0,0,
4/16/2020,ICT,4473,351,4824,351,4824,140,5,145,1,0,1,0,145,0,0,18,0.12,11,0.08,116,0.8,127,0.88,2,40,17,16,1,0,110,17,1,16,253,0,20,362,2120,2120,36,0.02,0,0,0,0,0,0,0,0,0,0,
4/16/2020,KP,5088,322,5410,373,4524,862,50,912,38,4,42,0,912,69,0.08,197,0.22,268,0.29,378,0.41,646,0.71,141,3046,211,202,9,0,468,191,42,107,0,0,0,3487,2014,1550,384,0.25,0,0,0,0,0,0,0,0,0,0,
4/16/2020,Punjab,24726,3077,27803,2996,46561,2945,272,3217,28,6,34,0,3217,701,0.22,1042,0.32,1327,0.41,147,0.05,1474,0.46,147,1592,756,747,9,0,1877,550,34,231,0,0,0,12106,6907,6405,2117,0.33,0,0,0,0,0,0,0,0,0,0,
4/16/2020,Sindh,14503,1523,16026,1523,16026,1518,150,1668,35,6,41,0,1668,280,0.17,69,0.04,154,0.09,1165,0.7,1319,0.79,169,4688,319,299,20,0,748,560,41,17,27,0,0,50,1388,1388,280,0.2,0,0,0,0,0,0,0,0,0,0,
4/17/2020,AJK,1081,54,1135,54,1135,46,0,46,0,0,0,0,46,2,0.04,5,0.11,4,0.09,35,0.76,39,0.85,16,304,37,37,0,0,0,9,0,60,14,0,14,257,560,560,36,0.06,0,0,0,0,0,0,0,0,0,0,
4/17/2020,Balochistan,4370,120,4490,128,4427,280,23,303,3,2,5,0,303,146,0.48,2,0.01,5,0.02,150,0.5,155,0.51,87,1699,33,33,0,0,123,142,5,68,0,0,0,541,4502,4427,303,0.07,0,0,0,0,0,0,0,0,0,0,
4/17/2020,GB,1839,93,1932,162,1826,237,8,245,3,0,3,0,245,166,0.68,5,0.02,11,0.04,63,0.26,74,0.3,26,151,5,5,0,0,54,183,3,47,0,0,8,65,1932,1826,245,0.13,0,0,0,0,0,0,0,0,0,0,
4/17/2020,ICT,4824,326,5150,326,5150,145,9,154,1,0,1,0,154,0,0,18,0.12,11,0.07,125,0.81,136,0.88,2,40,22,21,1,0,111,20,1,16,0,0,0,299,2120,2120,34,0.02,0,0,0,0,0,0,0,0,0,0,
4/17/2020,KP,5410,348,5758,361,4885,935,58,993,42,3,45,0,993,69,0.07,220,0.22,268,0.27,436,0.44,704,0.71,141,3046,230,223,7,0,513,205,45,107,0,0,0,3487,2014,1550,384,0.25,0,0,0,0,0,0,0,0,0,0,
4/17/2020,Punjab,27803,1523,29326,2359,48381,3217,59,3276,34,2,36,0,3276,701,0.21,1169,0.36,1257,0.38,149,0.05,1406,0.43,147,1592,767,750,17,0,1843,630,36,231,0,0,34,12072,7024,6337,2049,0.32,0,0,0,0,0,0,0,0,0,0,
4/17/2020,Sindh,16026,2874,18900,2874,18900,1668,340,2008,41,4,45,0,2008,280,0.14,69,0.03,427,0.21,1232,0.61,1659,0.83,169,4688,267,248,19,0,1120,576,45,17,4593,0,317,4326,5981,4277,707,0.17,0,0,0,0,0,0,0,0,0,0,
4/18/2020,AJK,1135,40,1175,40,1175,46,2,48,0,0,0,0,48,2,0.04,5,0.1,4,0.08,37,0.77,41,0.85,16,304,39,39,0,0,0,9,0,60,25,0,22,257,553,466,38,0.08,0,0,0,0,0,0,0,0,0,0,
4/18/2020,Balochistan,4490,535,5025,385,4812,303,32,335,5,0,5,0,335,146,0.44,2,0.01,12,0.04,175,0.52,187,0.56,87,1699,40,40,0,0,148,142,5,68,0,0,0,500,5197,4812,335,0.07,0,0,0,0,0,0,0,0,0,0,
4/18/2020,GB,1932,381,2313,217,2021,245,5,250,3,0,3,0,250,166,0.66,5,0.02,13,0.05,66,0.26,79,0.32,26,151,5,5,0,0,50,192,3,41,0,0,5,60,2313,2021,250,0.12,0,0,0,0,0,0,0,0,0,0,
4/18/2020,ICT,5150,329,5479,329,5479,154,9,163,1,0,1,0,163,0,0,18,0.11,11,0.07,134,0.82,145,0.89,3,45,13,11,2,0,129,20,1,16,0,0,0,299,2120,2120,34,0.02,0,0,0,0,0,0,0,0,0,0,
4/18/2020,KP,5758,382,6140,426,5311,984,93,1077,45,5,50,0,1077,69,0.06,220,0.2,268,0.25,520,0.48,788,0.73,141,3046,280,273,7,0,531,216,50,107,0,0,0,3487,2014,1550,384,0.25,0,0,0,0,0,0,0,0,0,0,
4/18/2020,Punjab,29326,1919,31245,2647,52478,3276,115,3391,36,1,37,0,3391,701,0.21,1189,0.35,1352,0.4,149,0.04,1501,0.44,147,1592,787,773,14,0,1895,672,37,231,0,0,0,12072,7024,6432,2144,0.33,0,0,0,0,0,0,0,0,0,0,
4/18/2020,Sindh,18900,2372,21272,2372,21272,2008,209,2217,45,2,47,0,2217,280,0.13,69,0.03,559,0.25,1309,0.59,1868,0.84,169,4688,717,699,18,0,872,581,47,17,0,0,1949,2734,5981,4277,815,0.19,0,0,0,0,0,0,0,0,0,0,
4/19/2020,AJK,1175,54,1229,54,1229,48,0,48,0,0,0,0,48,2,0.04,5,0.1,4,0.08,37,0.77,41,0.85,16,304,39,39,0,0,0,9,0,60,16,0,30,239,563,476,38,0.08,0,0,0,0,0,0,0,0,0,0,
4/19/2020,Balochistan,5025,460,5485,273,5085,335,41,376,5,0,5,0,376,146,0.39,2,0.01,12,0.03,216,0.57,228,0.61,88,1699,51,51,0,0,176,144,5,68,65,0,34,356,5500,5085,376,0.07,0,0,0,0,0,0,0,0,0,0,
4/19/2020,GB,2313,116,2429,2021,2169,250,7,257,3,0,3,0,257,166,0.65,5,0.02,15,0.06,71,0.28,86,0.33,26,151,5,5,0,0,56,193,3,41,0,0,1,59,2429,2169,257,0.12,0,0,0,0,0,0,0,0,0,0,
4/19/2020,ICT,5479,378,5857,378,5857,163,8,171,1,1,2,0,171,0,0,18,0.11,11,0.06,142,0.83,153,0.89,3,45,15,12,3,0,134,20,2,16,0,0,0,299,2120,2120,34,0.02,0,0,0,0,0,0,0,0,0,0,
4/19/2020,KP,6140,391,6531,692,6003,1075,62,1137,50,10,60,0,1137,69,0.06,220,0.19,268,0.24,580,0.51,848,0.75,141,3046,294,287,7,0,557,226,60,107,0,0,0,3487,2014,1550,384,0.25,0,0,0,0,0,0,0,0,0,0,
4/19/2020,Punjab,31245,1954,33199,2763,55241,3391,258,3649,37,4,41,0,3649,701,0.19,1299,0.36,1497,0.41,152,0.04,1649,0.45,147,1592,992,974,18,0,1932,684,41,231,0,0,0,0,9930,9887,2180,0.22,0,0,0,0,0,0,0,0,0,0,
4/19/2020,Sindh,21272,1666,22938,1666,22938,2217,138,2355,47,1,48,0,2355,280,0.12,69,0.03,559,0.24,1447,0.61,2006,0.85,169,4688,764,745,19,0,951,592,48,17,0,0,0,2734,6027,5383,815,0.15,0,0,0,0,0,0,0,0,0,0,
4/20/2020,AJK,1229,46,1275,46,1275,48,1,49,0,0,0,0,49,2,0.04,5,0.1,5,0.1,37,0.76,42,0.86,16,304,39,39,0,0,0,10,0,60,9,0,10,238,585,498,39,0.08,1,0,3,4,0,4,4,0,0,0,
4/20/2020,Balochistan,5485,308,5793,230,5315,376,56,432,5,0,5,0,432,146,0.34,2,0,13,0.03,271,0.63,284,0.66,88,1699,68,68,0,0,207,152,5,68,120,0,120,477,5815,5315,432,0.08,16,1,5,22,17,4,4,0,1,0,
4/20/2020,GB,2429,228,2657,261,2430,257,6,263,3,0,3,0,263,166,0.63,5,0.02,19,0.07,73,0.28,92,0.35,26,151,4,4,0,0,62,194,3,43,27,0,1,88,2657,2430,263,0.11,1,0,8,9,0,6,6,0,1,2,
4/20/2020,ICT,5857,119,5976,119,5976,171,10,181,2,1,3,0,181,0,0,18,0.1,11,0.06,152,0.84,163,0.9,3,45,16,13,3,0,142,20,3,16,0,0,16,283,2136,2136,34,0.02,10,2,6,18,9,6,6,0,2,1,
4/20/2020,KP,6531,559,7090,541,6544,1137,98,1235,60,7,67,0,1235,69,0.06,220,0.18,366,0.3,580,0.47,946,0.77,141,3046,296,287,9,0,605,267,67,107,0,0,0,3487,2014,1550,384,0.25,14,7,4,25,20,4,3,1,1,0,
4/20/2020,Punjab,33199,885,34084,2156,58304,3649,72,3721,41,1,42,0,3721,701,0.19,1328,0.36,1540,0.41,152,0.04,1692,0.45,147,1592,1002,985,17,0,1975,702,42,231,0,0,0,4630,14300,11355,2335,0.21,49,12,17,78,11,62,62,0,5,0,
4/20/2020,Sindh,22938,1520,24458,1520,24458,2355,182,2537,48,8,56,0,2537,280,0.11,69,0.03,613,0.24,1575,0.62,2188,0.86,169,4688,791,776,15,0,1065,625,56,17,422,0,462,2694,6770,6140,893,0.15,17,15,22,54,0,34,39,0,15,0,
4/21/2020,AJK,1275,80,1355,80,1355,49,1,50,0,0,0,0,50,2,0.04,5,0.1,5,0.1,38,0.76,43,0.86,16,304,34,34,0,0,0,16,0,60,21,0,90,168,585,540,39,0.07,0,0,0,0,0,0,0,0,0,0,
4/21/2020,Balochistan,5793,598,6391,321,5636,432,33,465,5,1,6,0,465,146,0.31,2,0,13,0.03,304,0.65,317,0.68,96,2136,67,67,0,0,231,161,6,68,91,0,79,556,5957,5636,465,0.08,0,0,0,0,0,0,0,0,0,0,
4/21/2020,GB,2657,170,2827,174,2604,263,18,281,3,0,3,0,281,166,0.59,5,0.02,23,0.08,87,0.31,110,0.39,26,151,4,4,0,0,79,195,3,43,13,0,1,100,2827,2604,281,0.11,0,0,0,0,0,0,0,0,0,0,
4/21/2020,ICT,5976,248,6224,248,6224,181,4,185,3,0,3,0,185,0,0,18,0.1,11,0.06,156,0.84,167,0.9,2,40,14,11,3,0,148,20,3,16,0,0,123,191,2259,2259,34,0.02,0,0,0,0,0,0,0,0,0,0,
4/21/2020,KP,7585,755,8340,579,9360,1237,39,1276,67,7,74,0,1276,69,0.05,220,0.17,263,0.21,724,0.57,987,0.77,141,3046,328,320,8,0,577,297,74,262,0,0,0,0,0,0,0,0,0,0,0,0,0,0,0,0,0,0,
4/21/2020,Punjab,34084,1806,35890,2345,60649,3721,474,4195,42,3,45,0,4195,743,0.18,1426,0.34,1857,0.44,169,0.04,2026,0.48,147,1592,1151,1137,14,0,2257,742,45,231,0,0,0,4630,14662,11717,2697,0.18,0,0,0,0,0,0,0,0,0,0,
4/21/2020,Sindh,24458,1600,26058,1600,26058,2537,227,2764,56,5,61,0,2764,280,0.1,69,0.02,658,0.24,1757,0.64,2415,0.87,169,4688,845,818,27,0,1223,635,61,17,0,0,236,2458,7001,6628,1102,0.17,0,0,0,0,0,0,0,0,0,0,
4/22/2020,AJK,1410,6,1416,6,1416,51,0,51,0,0,0,0,51,2,0.04,5,0.1,5,0.1,39,0.76,44,0.86,16,304,28,28,0,0,0,23,0,60,24,0,5,195,640,565,40,0.07,0,0,0,0,0,0,0,0,0,0,
4/22/2020,Balochistan,7031,619,7650,329,6130,495,57,552,6,2,8,0,552,146,0.26,2,0,13,0.02,391,0.71,404,0.73,96,2136,82,82,0,0,294,168,8,68,0,0,0,550,6459,6130,552,0.09,0,0,0,0,0,0,0,0,0,0,
4/22/2020,GB,2929,118,3047,141,2859,283,7,290,3,0,3,0,290,166,0.57,5,0.02,25,0.09,94,0.32,119,0.41,26,151,10,10,0,0,76,201,3,43,98,0,98,218,3047,2859,290,0.1,0,0,0,0,0,0,0,0,0,0,
4/22/2020,ICT,6448,483,6931,483,6931,194,10,204,3,0,3,0,204,0,0,18,0.09,12,0.06,174,0.85,186,0.91,22,207,8,7,1,0,167,26,3,16,0,0,56,94,2435,2435,34,0.01,0,0,0,0,0,0,0,0,0,0,
4/22/2020,KP,9124,704,9828,1009,10837,1367,86,1453,80,3,83,0,1453,68,0.05,222,0.15,282,0.19,881,0.61,1163,0.8,200,4093,351,345,6,0,605,414,83,250,514,0,383,3645,1982,1646,269,0.16,0,0,0,0,0,0,0,0,0,0,
4/22/2020,Punjab,37153,1812,38965,2635,66030,4328,262,4590,51,7,58,0,4590,768,0.17,428,0.09,1898,0.41,1496,0.33,3394,0.74,188,2674,1290,1273,17,0,21452,790,58,233,0,0,0,4655,14662,11788,2752,0.23,0,0,0,0,0,0,0,0,0,0,
4/22/2020,Sindh,28249,2097,30346,2097,30346,3053,320,3373,66,3,69,0,3373,280,0.08,69,0.02,75,0.22,2270,0.67,3024,0.9,169,4688,1010,974,36,0,1579,715,69,17,0,0,0,588,7569,7569,1160,0.15,0,0,0,0,0,0,0,0,0,0,
4/23/2020,AJK,1416,55,1471,55,1471,51,4,55,0,0,0,0,55,2,0.04,5,0.09,6,0.11,42,0.76,48,0.87,16,304,30,30,0,0,0,25,0,60,17,0,41,170,681,600,42,0.07,1,0,3,4,0,0,0,0,4,0,
4/23/2020,Balochistan,7650,708,8358,374,6504,552,55,607,8,0,8,0,607,146,0.24,2,0,13,0.02,446,0.73,459,0.76,96,2136,79,79,0,0,346,174,8,68,185,0,24,726,6829,6504,607,0.09,26,1,7,34,29,4,4,0,1,0,
4/23/2020,GB,3047,192,3239,182,2998,290,10,300,3,0,3,0,300,166,0.55,5,0.02,25,0.08,104,0.35,129,0.43,26,151,10,10,0,0,75,212,3,43,10,0,11,108,3239,2998,300,0.1,1,0,16,17,0,14,14,0,1,2,
4/23/2020,ICT,6931,588,7519,588,7519,204,10,214,3,0,3,0,214,0,0,18,0.08,12,0.06,184,0.86,196,0.92,22,207,12,11,1,0,173,26,3,16,0,0,60,102,2495,2495,34,0.01,12,7,12,31,26,1,1,0,3,1,
4/23/2020,KP,9828,1126,10954,1126,11963,1453,88,1541,83,2,85,0,1541,70,0.05,253,0.16,282,0.18,936,0.61,1218,0.79,200,4093,373,332,41,0,628,455,85,279,0,0,1,797,1730,934,148,0.16,21,6,30,57,37,11,10,1,9,0,
4/23/2020,Punjab,38965,1192,40157,1832,67882,4590,177,4767,58,7,65,0,4767,768,0.16,428,0.09,1915,0.4,1656,0.35,3571,0.75,188,2674,1300,1280,20,0,2497,905,65,233,0,0,0,4655,14662,11805,2769,0.23,54,15,22,91,8,48,48,0,35,0,
4/23/2020,Sindh,30346,2682,33028,2682,33028,3373,298,3671,69,4,73,0,3671,280,0.08,196,0.05,764,0.21,2431,0.66,3195,0.87,169,4688,1063,1014,49,0,1805,730,73,17,0,0,0,745,7569,7569,1171,0.15,24,15,23,62,0,47,47,0,15,0,
4/24/2020,AJK,1471,51,1522,51,1522,55,0,55,0,0,0,0,55,2,0.04,5,0.09,7,0.13,41,0.75,48,0.87,16,304,27,27,0,0,0,28,0,60,21,0,28,163,699,618,42,0.07,1,0,3,4,0,0,0,0,4,0,
4/24/2020,Balochistan,8358,436,8794,236,6742,607,49,656,8,2,10,0,656,146,0.22,2,0,13,0.02,495,0.75,508,0.77,96,2136,77,69,8,0,393,176,10,68,91,0,17,800,6978,6742,656,0.1,32,3,20,55,45,0,0,0,10,0,
4/24/2020,GB,3239,195,3434,164,3162,300,7,307,3,0,3,0,307,166,0.54,5,0.02,26,0.08,110,0.36,136,0.44,26,151,10,10,0,0,81,213,3,43,0,0,3,105,3434,3162,307,0.1,1,0,16,17,0,14,14,0,1,2,
4/24/2020,ICT,7519,540,8059,540,8059,214,9,223,3,0,3,0,223,0,0,18,0.08,12,0.05,193,0.87,205,0.92,22,358,14,12,2,0,177,29,3,16,281,0,81,298,2576,2576,34,0.01,13,7,12,32,27,1,1,0,3,1,
4/24/2020,KP,10954,1146,12100,1146,13109,1541,167,1708,85,4,89,0,1708,70,0.04,309,0.18,282,0.17,1047,0.61,1329,0.78,200,4093,409,361,36,12,738,472,89,279,0,0,185,612,1730,1323,204,0.15,35,6,31,72,55,3,2,1,14,0,
4/24/2020,Punjab,40157,969,41126,2089,69971,4767,279,5046,65,8,73,0,5046,768,0.15,499,0.1,1922,0.38,1857,0.37,3779,0.75,188,2674,1331,1309,2,20,2577,1065,73,233,526,0,0,5165,15490,12633,2840,0.22,55,16,22,93,8,50,50,0,35,0,
4/24/2020,Sindh,33028,2554,35582,2554,35582,3671,274,3945,73,2,75,0,3945,280,0.07,196,0.05,765,0.19,2704,0.69,3469,0.88,169,4688,1205,1158,33,14,1893,772,75,17,0,0,0,765,7569,7569,1191,0.16,28,17,27,72,0,57,57,0,15,0,
4/25/2020,AJK,1522,66,1588,66,1588,55,0,55,0,0,0,0,55,2,0.04,5,0.09,7,0.13,41,0.75,48,0.87,16,304,23,23,0,0,0,32,0,60,28,0,9,181,715,633,42,0.07,1,0,3,4,0,0,0,0,4,0,
4/25/2020,Balochistan,8794,1610,10404,470,7212,656,66,722,10,1,11,0,722,146,0.2,2,0,13,0.02,561,0.78,574,0.8,96,2136,86,83,3,0,449,176,11,68,184,0,22,962,7682,7212,722,0.1,34,3,20,57,46,0,0,0,10,1,
4/25/2020,GB,3434,157,3591,111,3273,307,1,308,3,0,3,0,308,166,0.54,5,0.02,26,0.08,111,0.36,137,0.44,26,151,10,10,0,0,79,216,3,43,18,0,7,116,3591,3273,308,0.09,1,0,16,17,0,14,14,0,1,2,
4/25/2020,ICT,8059,396,8455,396,8455,223,12,235,3,0,3,0,235,0,0,18,0.08,12,0.05,205,0.87,217,0.92,22,358,15,13,2,0,188,29,3,16,0,0,0,295,2576,2576,34,0.01,14,7,12,33,27,1,1,0,4,1,
4/25/2020,KP,12100,821,12921,821,13930,1708,85,1793,89,4,93,0,1793,70,0.04,311,0.17,282,0.16,1130,0.63,1412,0.79,200,4093,455,405,40,10,760,485,93,279,752,0,163,1200,1730,1730,206,0.12,36,6,34,76,58,2,2,0,15,1,
4/25/2020,Punjab,41126,1330,42456,1755,71726,5046,332,5378,73,8,81,0,5378,768,0.14,499,0.09,1922,0.36,2189,0.41,4111,0.76,188,2674,1594,1566,3,25,2577,1126,81,233,0,0,0,5165,15490,12633,2840,0.22,55,16,22,93,8,50,50,0,35,0,
4/25/2020,Sindh,35582,2599,38181,2599,38181,3945,287,4232,75,3,78,0,4232,280,0.07,196,0.05,765,0.18,2991,0.71,3756,0.89,169,4688,1206,1162,30,14,2146,802,78,17,0,0,0,765,7569,7569,1191,0.16,29,17,31,77,0,62,62,0,15,0,
4/26/2020,AJK,1522,66,1588,66,1588,55,0,55,0,0,0,0,55,2,0.04,5,0.09,7,0.13,41,0.75,48,0.87,16,304,23,23,0,0,0,32,0,60,28,0,9,181,715,633,42,0.07,1,0,3,4,0,0,0,0,4,0,
4/26/2020,Balochistan,8794,1610,10404,470,7212,656,66,722,10,1,11,0,722,146,0.2,2,0,13,0.02,561,0.78,574,0.8,96,2136,86,83,3,0,449,176,11,68,184,0,22,962,7682,7212,722,0.1,34,3,20,57,46,0,0,0,10,1,
4/26/2020,GB,3434,157,3591,111,3273,307,1,308,3,0,3,0,308,166,0.54,5,0.02,26,0.08,111,0.36,137,0.44,26,151,10,10,0,0,79,216,3,43,18,0,7,116,3591,3273,308,0.09,1,0,16,17,0,14,14,0,1,2,
4/26/2020,ICT,8059,396,8455,396,8455,223,12,235,3,0,3,0,235,0,0,18,0.08,12,0.05,205,0.87,217,0.92,22,358,15,13,2,0,188,29,3,16,0,0,0,295,2576,2576,34,0.01,14,7,12,33,27,1,1,0,4,1,
4/26/2020,KP,12100,821,12921,821,13930,1708,85,1793,89,4,93,4,1793,70,0.04,311,0.17,282,0.16,1130,0.63,1412,0.79,200,4093,455,405,40,10,760,485,93,279,752,0,163,1200,1730,1730,206,0.12,36,6,34,76,58,2,2,0,15,1,
4/26/2020,Punjab,41126,1330,42456,1755,71726,5046,332,5378,73,8,81,8,5378,768,0.14,499,0.09,1922,0.36,2189,0.41,4111,0.76,188,2674,1594,1566,3,25,2577,1126,81,233,0,0,0,5165,15490,12633,2840,0.22,55,16,22,93,8,50,50,0,35,0,
4/26/2020,Sindh,35582,2599,38181,2599,38181,3945,287,4232,75,3,78,2,4232,280,0.07,196,0.05,765,0.18,2991,0.71,3756,0.89,169,4688,1206,1162,30,14,2146,802,78,17,0,0,0,765,7569,7569,1191,0.16,29,17,31,77,0,62,62,0,15,0,
4/28/2020,AJK,1692,21,1713,21,1713,59,6,65,0,0,0,0,65,2,0.03,6,0.09,7,0.11,50,0.77,57,0.88,16,304,30,30,0,0,0,35,0,61,19,0,7,195,868,786,54,0.07,1,0,3,4,0,0,0,0,4,0,
4/28/2020,Balochistan,11279,1058,12337,409,7991,781,72,853,13,1,14,0,853,146,0.17,2,0,13,0.02,692,0.81,705,0.83,96,2136,93,92,1,0,570,176,14,68,0,0,0,962,8400,7991,852,0.11,44,4,22,70,59,0,0,0,10,1,
4/28/2020,GB,3675,61,3736,117,3515,318,2,320,3,0,3,0,320,166,0.52,5,0.02,26,0.08,123,0.38,149,0.47,26,151,10,10,0,0,85,222,3,43,0,0,3,123,3736,3503,320,0.09,1,1,16,18,0,13,13,0,3,2,
4/28/2020,ICT,8753,494,9247,494,9247,245,16,261,3,1,4,0,261,0,0,18,0.07,12,0.05,231,0.89,243,0.93,22,358,18,15,3,0,203,36,4,16,24,0,0,352,2589,2589,34,0.01,16,10,12,38,31,2,2,0,4,1,
4/28/2020,KP,13880,848,14728,848,15737,1864,120,1984,98,6,104,4,1984,70,0.04,313,0.16,282,0.14,1319,0.66,1601,0.81,200,4093,500,451,37,12,847,533,104,279,0,0,281,1158,2174,2174,208,0.1,42,13,37,92,68,3,3,0,20,1,
4/28/2020,Punjab,42684,2315,44999,1795,75071,5446,194,5640,83,8,91,8,5640,768,0.14,499,0.09,1924,0.34,2449,0.43,4373,0.78,188,2674,1664,1646,4,14,2579,1306,91,233,0,0,0,5165,15490,12642,2850,0.23,57,16,22,95,8,51,51,0,36,0,
4/28/2020,Sindh,41216,2733,43949,2733,43949,4615,341,4956,81,4,85,4,4956,280,0.06,196,0.04,765,0.15,3715,0.75,4480,0.9,169,4688,1241,1201,24,16,2705,925,85,17,0,0,0,765,7569,7569,1191,0.16,32,17,33,82,0,67,67,0,15,0,
4/29/2020,AJK,1713,113,1826,113,1826,65,0,65,0,0,0,0,65,2,0.03,6,0.09,7,0.11,50,0.77,57,0.88,16,304,28,28,0,0,0,37,0,61,12,0,1,198,981,899,54,0.06,1,0,3,4,0,0,0,0,4,0,
4/29/2020,Balochistan,12337,949,13286,513,8504,853,62,915,14,0,14,0,915,146,0.16,2,0,13,0.01,754,0.82,767,0.84,96,2136,93,92,1,0,632,176,14,68,19,0,0,981,9017,8504,915,0.11,50,4,35,89,78,0,0,0,10,1,
4/29/2020,GB,3736,197,3933,132,3647,320,10,330,3,0,3,0,330,166,0.5,5,0.02,26,0.08,133,0.4,159,0.48,26,151,9,9,0,0,94,224,3,43,11,0,2,122,3933,3604,330,0.09,1,1,16,18,0,13,13,0,3,2,
4/29/2020,ICT,9247,458,9705,458,9705,261,36,297,4,0,4,0,297,0,0,18,0.06,12,0.04,267,0.9,279,0.94,22,358,19,16,3,0,238,36,4,16,0,0,122,352,2711,2711,34,0.01,16,10,13,39,32,2,2,0,4,1,
4/29/2020,KP,14728,812,15540,812,16549,1984,176,2160,104,10,114,8,2160,70,0.03,340,0.16,282,0.13,1468,0.68,1750,0.81,200,4093,496,441,46,9,988,562,114,279,0,0,424,734,2974,2625,235,0.09,50,14,38,102,76,5,5,0,20,1,
4/29/2020,Punjab,44999,2152,47151,2390,77619,5640,187,5827,91,9,100,6,5827,768,0.13,499,0.09,1926,0.33,2634,0.45,4560,0.78,188,2674,1719,1697,0,22,2581,1427,100,233,0,0,0,5165,15490,12644,2852,0.23,58,21,23,102,14,50,50,0,38,0,
4/29/2020,Sindh,43949,4112,48061,4112,48061,4956,335,5291,85,7,92,6,5291,280,0.05,265,0.05,766,0.14,3980,0.75,4746,0.9,169,4688,1323,1275,35,13,2913,963,92,17,0,0,0,765,7569,7569,1191,0.16,34,17,33,84,0,67,67,0,15,2,
4/30/2020,AJK,1826,132,1958,132,1958,65,1,66,0,0,0,0,66,2,0.03,6,0.09,7,0.11,51,0.77,58,0.88,16,304,29,29,0,0,0,37,0,61,30,0,6,222,1113,1012,55,0.05,1,0,3,4,0,0,0,0,4,0,
4/30/2020,Balochistan,13286,901,14187,316,8820,915,63,978,14,0,14,0,978,146,0.15,2,0,13,0.01,817,0.84,830,0.85,96,2136,88,86,0,2,696,180,14,68,33,0,19,1015,9136,8820,978,0.11,51,4,35,90,79,0,0,0,10,1,
4/30/2020,GB,3933,243,4176,144,3791,330,3,333,3,0,3,0,333,166,0.5,5,0.02,26,0.08,136,0.41,162,0.49,26,151,10,10,0,0,92,228,3,43,9,0,4,127,4176,3718,333,0.09,1,1,16,18,0,13,13,0,3,2,
4/30/2020,ICT,9705,730,10435,730,10435,297,16,313,4,0,4,0,313,0,0,18,0.06,12,0.04,283,0.9,295,0.94,22,358,21,18,3,0,244,44,4,16,0,0,74,156,2785,2785,34,0.01,18,10,13,41,34,2,2,0,4,1,
4/30/2020,KP,15540,903,16443,903,17452,2160,153,2313,114,8,122,5,2313,70,0.03,356,0.15,282,0.12,1605,0.69,1887,0.82,200,4093,576,511,53,12,1001,614,122,279,0,0,299,435,2974,2924,251,0.09,51,14,38,103,77,5,5,0,20,1,
4/30/2020,Punjab,47151,2422,49573,2295,79914,5827,234,6061,100,3,103,2,6061,768,0.13,499,0.08,1926,0.32,2868,0.47,4794,0.79,188,2674,1597,1568,7,22,2581,1780,103,233,0,0,0,5165,15490,12644,2852,0.23,58,21,23,102,14,50,50,0,38,0,
4/30/2020,Sindh,48061,3729,51790,3729,51790,5291,404,5695,92,8,100,8,5695,280,0.05,265,0.05,767,0.13,4383,0.77,5150,0.9,169,4688,1239,1185,36,18,3187,1169,100,17,0,0,110,657,7569,7569,1193,0.16,36,17,33,86,0,68,68,0,15,3,
5/1/2020,AJK,1958,80,2038,80,2038,66,0,66,0,0,0,0,66,2,0.03,6,0.09,7,0.11,51,0.77,58,0.88,16,304,23,23,0,0,0,43,0,61,20,0,23,217,1184,1072,55,0.05,1,0,3,4,0,0,0,0,4,0,
5/1/2020,Balochistan,14187,1148,15335,615,9435,978,71,1049,14,0,14,0,1049,146,0.14,2,0,13,0.01,888,0.85,901,0.86,96,2136,90,87,2,1,762,183,14,68,0,0,79,936,10050,9435,1049,0.11,59,4,35,98,87,0,0,0,10,1,
5/1/2020,GB,4176,194,4370,141,3932,333,6,339,3,0,3,0,339,166,0.49,5,0.01,26,0.08,142,0.42,168,0.5,26,151,10,10,0,0,78,248,3,43,0,0,18,109,4370,3932,339,0.09,1,1,16,18,0,13,13,0,3,2,
5/1/2020,ICT,10435,759,11194,759,11194,313,30,343,4,0,4,0,343,0,0,18,0.05,12,0.03,313,0.91,325,0.95,22,358,18,15,3,0,277,44,4,16,1,0,124,33,2909,2909,34,0.01,18,11,13,42,33,2,2,0,6,1,
5/1/2020,KP,16443,1052,17495,1052,18504,2381,246,2627,137,9,146,6,2627,70,0.03,457,0.17,282,0.11,1818,0.69,2100,0.8,200,4093,616,554,48,14,1211,654,146,279,0,0,0,435,2974,2974,352,0.12,58,14,40,112,85,5,5,0,20,2,
5/1/2020,Punjab,49573,3689,53262,2737,82651,6061,279,6340,103,3,106,1,6340,768,0.12,629,0.1,1926,0.3,3017,0.48,4943,0.78,188,2674,1703,1676,14,13,2610,1921,106,233,0,0,0,5208,17097,14251,3081,0.22,58,21,23,102,14,50,50,0,38,0,
5/1/2020,Sindh,51790,2587,54377,2587,54377,5695,358,6053,100,12,112,12,6053,280,0.05,265,0.04,767,0.13,4741,0.78,5508,0.91,169,4688,1246,1199,30,17,3473,1222,112,17,0,0,8,863,7783,7569,1193,0.16,36,17,33,86,0,68,68,0,15,3,
5/2/2020,AJK,2038,16,2054,16,2054,66,0,66,0,0,0,0,66,2,0.03,6,0.09,7,0.11,51,0.77,58,0.88,16,304,23,23,0,0,0,43,0,61,15,0,17,215,1200,1088,55,0.05,1,0,3,4,0,0,0,0,4,0,
5/2/2020,Balochistan,15335,318,15653,386,9821,1049,87,1136,14,2,16,1,1136,146,0.13,2,0,13,0.01,975,0.86,988,0.87,96,2136,90,89,0,1,847,183,16,68,163,0,6,1032,10207,9821,1136,0.12,67,4,35,106,95,0,0,0,10,1,
5/2/2020,GB,4370,220,4590,214,4146,339,1,340,3,0,3,0,340,166,0.49,5,0.01,26,0.08,143,0.42,169,0.5,26,151,10,10,0,0,72,255,3,43,156,0,92,173,4590,4146,340,0.08,1,1,16,18,0,10,10,0,6,2,
5/2/2020,ICT,11194,495,11689,495,11689,343,22,365,4,0,4,0,365,0,0,18,0.05,12,0.03,335,0.92,347,0.95,22,358,15,11,4,0,302,44,4,17,252,0,17,180,2926,2926,34,0.01,22,11,13,46,37,2,2,0,6,1,
5/2/2020,KP,17495,985,18480,985,19489,2627,172,2799,146,15,161,10,2799,70,0.03,469,0.17,282,0.1,1978,0.71,2260,0.81,200,4093,626,566,48,12,1322,690,161,279,250,0,17,668,3224,2974,364,0.12,62,14,40,116,89,5,5,0,20,2,
5/2/2020,Punjab,53262,3460,56722,3684,88899,6340,393,6733,106,9,115,2,6733,768,0.11,692,0.1,1926,0.29,3347,0.5,5273,0.78,188,2674,1803,1781,16,6,2610,2205,115,233,0,0,0,5208,17097,14251,3081,0.22,58,21,23,102,14,50,50,0,38,0,
5/2/2020,Sindh,54377,3384,57761,3384,57761,6053,622,6675,112,6,118,1,6675,280,0.04,455,0.07,767,0.11,5173,0.77,5940,0.89,169,4688,1218,1173,29,16,4044,1295,118,17,0,0,0,1132,7952,7952,1383,0.17,39,17,37,93,0,75,75,0,15,3,
5/4/2020,AJK,2185,42,2227,42,2227,67,4,71,0,0,0,0,71,2,0.03,7,0.1,7,0.1,55,0.77,62,0.87,16,304,27,27,0,0,0,44,0,61,9,0,14,170,1373,1262,60,0.05,1,0,3,4,0,0,0,0,4,0,
5/4/2020,Balochistan,15835,92,15927,317,10326,1172,46,1218,19,2,21,2,1218,146,0.12,2,0,13,0.01,1057,0.87,1070,0.88,96,2136,83,82,1,0,917,197,21,68,0,0,0,1091,10679,10362,1218,0.12,69,4,35,108,97,0,0,0,10,1,
5/4/2020,GB,4801,268,5069,146,4439,356,8,364,3,0,3,0,364,166,0.46,5,0.01,26,0.07,167,0.46,193,0.53,26,151,10,10,0,0,91,260,3,60,0,0,22,146,5069,4439,364,0.08,1,1,18,20,0,7,7,0,11,2,
5/4/2020,ICT,12289,415,12704,415,12704,393,22,415,4,0,4,0,415,0,0,18,0.04,12,0.03,385,0.93,397,0.96,22,358,16,10,4,2,339,56,4,17,234,0,3,359,2933,2933,34,0.01,23,12,15,50,41,2,2,0,6,1,
5/4/2020,KP,19562,1338,20900,1338,21909,2907,222,3129,172,8,180,5,3129,70,0.02,469,0.15,282,0.09,2308,0.74,2590,0.83,200,4093,603,536,58,9,1535,811,180,279,701,0,26,1325,3224,2974,364,0.12,68,20,40,128,98,6,6,0,22,2,
5/4/2020,Punjab,61887,6021,67908,4232,96854,7106,418,7524,120,4,124,1,7524,768,0.1,739,0.1,1926,0.26,4091,0.54,6017,0.8,188,2674,1958,1935,16,7,2775,2667,124,233,0,0,0,5208,17097,15669,3105,0.2,58,21,23,102,14,50,50,0,38,0,
5/4/2020,Sindh,61020,3032,64052,3032,64052,7102,363,7465,122,8,130,3,7465,280,0.04,455,0.06,767,0.1,5963,0.8,6730,0.9,169,4688,1142,1066,59,17,4638,1555,130,17,0,0,118,1014,7952,7952,1383,0.17,43,17,37,97,0,65,65,0,28,4,
5/5/2020,AJK,2227,54,2281,54,2281,71,0,71,0,0,0,0,71,2,0.03,7,0.1,7,0.1,55,0.77,62,0.87,16,304,22,22,0,0,0,49,0,61,15,0,11,171,1398,1287,60,0.05,1,0,3,4,0,0,0,0,4,0,
5/5/2020,Balochistan,15927,183,16110,271,10633,1218,103,1321,21,0,21,0,1321,146,0.11,2,0,13,0.01,1160,0.88,1173,0.89,96,2136,89,87,0,2,1014,197,21,68,42,0,111,1071,10904,10633,1321,0.12,72,4,35,111,100,0,0,0,10,1,
5/5/2020,GB,5069,91,5160,142,4581,364,8,372,3,0,3,0,372,166,0.45,5,0.01,26,0.07,175,0.47,201,0.54,26,151,10,10,0,0,80,279,3,60,0,0,13,133,5160,4581,372,0.08,1,1,18,20,0,6,6,0,12,2,
5/5/2020,ICT,12704,993,13697,993,13697,415,49,464,4,0,4,0,464,0,0,18,0.04,12,0.03,434,0.94,446,0.96,22,358,21,12,5,4,383,56,4,18,0,0,0,504,2934,2934,34,0.01,28,12,15,55,46,2,2,0,6,1,
5/5/2020,KP,20900,783,21683,783,22692,3129,159,3288,180,5,185,4,3288,71,0.02,469,0.14,282,0.09,2466,0.75,2748,0.84,200,4093,669,598,57,14,1578,856,185,279,0,0,88,1237,3224,2975,365,0.12,69,20,40,129,99,6,6,0,22,2,
5/5/2020,Punjab,67908,6625,74533,5043,101897,7524,579,8103,124,12,136,2,8103,768,0.09,762,0.09,1926,0.24,4647,0.57,6573,0.81,207,7753,2472,2447,18,7,2779,2716,136,233,0,0,0,5208,17097,15669,3105,0.2,58,21,23,102,14,50,50,0,38,0,
5/5/2020,Sindh,64052,2571,66623,2571,66623,7465,417,7882,130,7,137,3,7882,280,0.04,574,0.07,767,0.1,6261,0.79,7028,0.89,169,4688,1122,1043,63,16,4994,1629,137,17,542,0,0,1546,8484,8415,1502,0.18,44,17,37,98,0,66,66,0,28,4,
5/9/2020,AJK,2518,150,2668,150,2668,78,1,79,0,0,0,0,79,2,0.03,9,0.11,7,0.09,61,0.77,68,0.86,16,304,39,19,19,0,0,0,60,0,61,6,0,34,50,1635,1524,66,0.04,1,0,3,4,0,0,0,0,4,0
5/9/2020,Balochistan,16705,117,16822,530,13771,1725,151,1876,24,0,24,0,1876,146,0.08,2,0,13,0.01,1715,0.91,1728,0.92,96,2136,61,44,40,4,0,1586,222,24,68,0,0,0,991,14301,13771,1876,0.14,95,4,37,136,125,0,0,0,10,1
5/9/2020,GB,5658,228,5886,128,5135,394,27,421,3,0,3,0,421,166,0.39,5,0.01,26,0.06,224,0.53,250,0.59,26,151,12,12,12,0,0,108,298,3,65,135,0,72,531,5886,5420,421,0.08,1,1,19,21,0,4,4,0,15,2
5/9/2020,ICT,16666,991,17657,991,17657,558,51,609,4,0,4,0,609,0,0,18,0.03,12,0.02,579,0.95,591,0.97,21,430,90,29,13,6,10,504,72,4,18,15,0,168,504,3350,3350,34,0.01,38,16,17,71,60,3,3,0,7,1
5/9/2020,KP,25522,1459,26981,1459,27990,3956,371,4327,209,12,221,12,4327,71,0.02,618,0.14,313,0.07,3325,0.77,3638,0.84,200,5598,581,806,729,49,28,2267,1033,221,279,0,0,15,1222,3925,3577,514,0.14,122,20,44,186,150,8,8,0,26,2
5/9/2020,Punjab,92781,3920,96701,4192,121194,10033,438,10471,183,8,191,8,10471,768,0.07,845,0.08,1926,0.18,6932,0.66,8858,0.85,207,7753,378,3370,3329,23,18,2779,4131,191,233,0,0,0,5208,17097,15669,3105,0.2,85,46,53,184,23,89,89,0,72,0
5/9/2020,Sindh,76078,5532,81610,5532,81610,9093,598,9691,171,4,175,4,9691,280,0.03,612,0.06,767,0.08,8032,0.83,8799,0.91,169,4688,0,1154,1063,73,18,6422,1940,175,17,0,0,25,1451,8484,8425,1503,0.18,80,17,37,134,0,99,99,0,30,5
5/10/2020,AJK,2668,112,2780,112,2780,79,7,86,0,0,0,0,86,2,0.02,9,0.1,7,0.08,68,0.79,75,0.87,16,304,39,26,25,0,1,0,60,0,61,3,0,6,47,1635,1524,66,0.04,1,0,3,4,0,0,0,0,4,0
5/10/2020,Balochistan,16822,122,16944,302,14374,1876,59,1935,24,0,24,0,1935,146,0.08,2,0,13,0.01,1774,0.92,1787,0.92,96,2136,61,28,25,3,0,1641,242,24,68,44,0,47,988,14676,14374,1935,0.13,97,4,37,138,127,0,0,0,10,1
5/10/2020,GB,5886,97,5983,175,5310,421,9,430,3,1,4,1,430,166,0.39,5,0.01,27,0.06,232,0.54,259,0.6,26,151,12,13,13,0,0,110,303,4,61,155,0,106,472,5983,5558,430,0.08,2,1,19,22,0,6,6,0,14,2
5/10/2020,ICT,17657,1098,18755,1098,18755,609,32,641,4,1,5,1,641,0,0,18,0.03,12,0.02,611,0.95,623,0.97,21,430,90,29,15,7,7,535,72,5,18,64,0,99,459,3449,3449,34,0.01,43,22,18,83,72,3,3,0,7,1
5/10/2020,KP,26981,1212,28193,1212,29202,4327,182,4509,221,13,234,13,4509,71,0.02,625,0.14,315,0.07,3498,0.78,3813,0.85,200,5598,581,602,523,52,27,2587,1086,234,279,0,0,208,1014,3925,3584,521,0.15,122,20,44,186,150,8,8,0,26,2
5/10/2020,Punjab,96701,4670,101371,4944,125988,10471,622,11093,191,1,192,1,11093,768,0.07,845,0.08,1926,0.17,7554,0.68,9480,0.85,207,7753,378,3882,3831,27,24,2779,4240,192,233,0,0,0,5208,17097,15669,3105,0.2,85,46,53,184,23,89,89,0,72,0
5/10/2020,Sindh,81610,5498,87108,5498,87108,9691,1080,10771,175,5,180,5,10771,280,0.03,612,0.06,767,0.07,9112,0.85,9879,0.92,169,4688,190,1139,1038,78,23,7432,2020,180,17,0,0,22,1429,8484,8415,1502,0.18,90,18,41,149,0,114,113,1,30,5
5/12/2020,AJK,2854,81,2935,81,2935,86,0,86,0,1,1,1,86,2,0.02,13,0.15,8,0.09,63,0.73,71,0.83,16,304,39,21,21,0,0,0,64,1,58,4,0,2,42,1635,1524,66,0.04,1,0,3,4,0,0,0,0,4,0
5/12/2020,Balochistan,17237,277,17514,636,15323,2017,44,2061,26,1,27,1,2061,146,0.07,2,0,13,0.01,1900,0.92,1913,0.93,96,2136,61,31,27,4,0,1761,242,27,68,403,0,69,1322,15959,15323,2061,0.13,102,4,37,143,132,0,0,0,10,1
5/12/2020,GB,6060,153,6213,139,5619,442,15,457,4,0,4,0,457,166,0.36,5,0.01,27,0.06,259,0.57,286,0.63,26,151,12,12,12,0,0,121,320,4,59,212,0,48,610,6213,5873,457,0.08,2,2,20,24,0,5,5,0,17,2
5/12/2020,ICT,19532,669,20201,669,20201,679,37,716,6,0,6,0,716,0,0,18,0.03,12,0.02,686,0.96,698,0.97,21,430,90,36,26,4,6,602,72,6,18,0,0,79,454,3727,3727,34,0.01,46,26,19,91,81,2,2,0,7,1
5/12/2020,KP,29463,1134,30597,1134,31606,4669,206,4875,245,12,257,12,4875,71,0.01,691,0.14,315,0.06,3798,0.78,4113,0.84,200,5598,581,649,551,67,31,2713,1256,257,279,1006,0,252,1755,4500,3800,587,0.15,117,46,101,264,168,37,36,1,57,2
5/12/2020,Punjab,103904,3699,107603,4568,135114,11568,301,11869,197,14,211,14,11869,768,0.06,1045,0.09,1926,0.16,8130,0.68,10056,0.85,207,7753,378,4422,4374,17,31,2784,4452,211,233,0,0,0,5208,17097,15669,3105,0.2,85,46,53,184,23,89,89,0,72,0
5/12/2020,Sindh,91323,3730,95053,3730,95053,11480,537,12017,189,11,200,11,12017,280,0.02,634,0.05,767,0.06,10336,0.86,11103,0.92,169,4688,197,1490,1369,96,25,8178,2149,200,17,0,0,4,1622,8696,8575,1524,0.18,113,18,41,172,128,9,6,3,30,5
5/13/2020,AJK,2935,102,3037,102,3037,86,2,88,1,0,1,0,88,2,0.02,12,0.14,8,0.09,66,0.75,74,0.84,16,304,39,19,19,0,0,0,68,1,58,4,0,10,32,1635,1524,67,0.04,1,0,4,5,0,1,1,0,4,0
5/13/2020,Balochistan,17514,267,17781,428,15751,2061,97,2158,27,0,27,0,2158,146,0.07,2,0,13,0.01,1997,0.93,2010,0.93,96,2136,61,31,31,0,0,1844,256,27,68,0,0,0,1322,16179,15751,2158,0.14,104,4,37,145,133,0,0,0,11,1
5/13/2020,GB,6213,11,6224,129,5748,457,18,475,4,0,4,0,475,166,0.35,5,0.01,27,0.06,277,0.58,304,0.64,26,151,13,13,13,0,0,127,331,4,58,131,0,261,607,6224,6004,475,0.08,3,2,21,26,0,7,7,0,17,2
5/13/2020,ICT,20201,1056,21257,1056,21257,716,43,759,6,0,6,0,759,0,0,18,0.02,12,0.02,729,0.96,741,0.98,21,430,90,29,19,4,6,632,92,6,18,184,0,20,590,3747,3747,34,0.01,49,29,21,99,89,2,2,0,7,1
5/13/2020,KP,30597,971,31568,971,32577,4875,146,5021,257,10,267,10,5021,71,0.01,691,0.14,315,0.06,3944,0.79,4259,0.85,200,5598,401,589,472,75,42,2860,1305,267,279,0,0,19,1736,4500,3819,587,0.15,117,46,101,264,168,37,36,1,57,2
5/13/2020,Punjab,107603,7159,114762,5098,140212,11869,1356,13225,211,3,214,3,13225,768,0.06,1077,0.08,1926,0.15,9454,0.71,11380,0.86,207,7753,378,5700,5626,21,53,2780,4531,214,233,0,0,0,5208,17097,15669,3105,0.2,85,46,53,184,23,89,89,0,72,0
5/13/2020,Sindh,95053,4064,99117,4064,99117,12017,593,12610,200,18,218,18,12610,280,0.02,690,0.05,767,0.06,10873,0.86,11640,0.92,169,4688,197,1495,1373,95,27,8668,2229,218,17,0,0,5,1617,8696,8575,1524,0.18,127,19,43,189,144,10,7,3,30,5
5/14/2020,AJK,3037,208,3245,208,3245,88,3,91,1,0,1,0,91,2,0.02,12,0.13,8,0.09,69,0.76,77,0.85,16,304,39,21,21,0,0,0,69,1,58,19,0,12,39,1635,1551,70,0.05,1,0,4,5,0,1,1,0,4,0
5/14/2020,Balochistan,17781,129,17910,311,16062,2158,81,2239,27,0,27,0,2239,146,0.07,2,0,13,0.01,2078,0.93,2091,0.93,96,2136,61,31,31,0,0,1855,326,27,68,0,0,0,1322,16395,16062,2239,0.14,104,4,37,145,121,0,0,0,23,1
5/14/2020,GB,6224,172,6396,136,5884,475,7,482,4,0,4,0,482,166,0.34,5,0.01,27,0.06,284,0.59,311,0.65,26,151,13,12,12,0,0,129,337,4,48,167,0,219,422,6396,6134,482,0.08,3,2,22,27,0,8,8,0,17,2
5/14/2020,ICT,21257,1030,22287,1030,22287,759,63,822,6,0,6,0,822,0,0,18,0.02,12,0.01,792,0.96,804,0.98,21,430,90,26,15,4,7,690,100,6,18,0,0,137,426,3884,3884,34,0.01,50,34,24,108,95,2,2,0,10,1
5/14/2020,KP,31568,1685,33253,1775,34352,5021,231,5252,267,8,275,8,5252,71,0.01,691,0.13,315,0.06,4175,0.79,4490,0.85,200,5598,401,572,438,92,42,3013,1392,275,279,0,0,19,1736,4500,3819,587,0.15,133,50,134,317,180,53,53,0,81,3
5/14/2020,Punjab,114762,6567,121329,5365,145577,13225,336,13561,214,9,223,9,13561,768,0.06,1106,0.08,1926,0.14,9761,0.72,11687,0.86,207,7753,378,5912,5841,24,47,2790,4636,223,233,0,0,0,5208,17097,15669,3105,0.2,85,46,53,184,23,89,89,0,72,0
5/14/2020,Sindh,99117,4226,103343,4226,103343,12610,731,13341,218,16,234,16,13341,280,0.02,695,0.05,767,0.06,11599,0.87,12366,0.93,169,4688,203,1432,1348,53,31,8840,2835,234,17,0,0,10,1607,8696,8615,1580,0.18,141,19,43,203,144,12,10,2,42,5
5/16/2020,AJK,3411,161,3572,161,3572,105,3,108,1,0,1,0,108,2,0.02,12,0.11,8,0.07,86,0.8,94,0.87,16,329,43,31,30,1,0,0,76,1,0,0,0,0,0,0,0,0,0,1,0,4,5,0,1,1,0,4,0
5/16/2020,Balochistan,18255,354,18609,457,17078,2310,147,2457,30,1,31,1,2457,146,0.06,2,0,13,0.01,2296,0.93,2309,0.94,96,2136,61,32,30,2,0,2011,383,31,0,0,0,0,0,0,0,0,0,115,4,37,156,117,0,0,0,38,1
5/16/2020,GB,6573,87,6660,146,6173,501,17,518,4,0,4,0,518,166,0.32,5,0.01,27,0.05,320,0.62,347,0.67,26,151,13,24,24,0,0,145,345,4,0,0,0,0,0,0,0,0,0,4,2,25,31,0,12,12,0,17,2
5/16/2020,ICT,23409,958,24367,958,24367,866,55,921,7,0,7,0,921,0,0,19,0.02,12,0.01,890,0.97,902,0.98,21,430,90,30,23,3,4,784,100,7,0,0,0,0,0,0,0,0,0,52,37,30,119,106,2,2,0,10,1
5/16/2020,KP,34806,1637,36443,1637,37452,5423,255,5678,284,7,291,7,5678,71,0.01,746,0.13,315,0.06,4546,0.8,4861,0.86,200,5598,401,522,395,81,46,3252,1613,291,0,0,0,0,0,0,0,0,0,151,58,141,350,125,125,125,0,97,3
5/16/2020,Punjab,126538,6055,132593,5953,157226,13914,287,14201,234,11,245,11,14201,768,0.05,1127,0.08,1926,0.14,10380,0.73,12306,0.87,207,7753,378,6418,6366,18,34,2780,4757,245,0,0,0,0,0,0,0,0,0,85,46,53,184,23,89,89,0,72,0
5/16/2020,Sindh,107830,5566,113396,5566,113396,14099,817,14916,243,12,255,12,14916,280,0.02,797,0.05,767,0.05,13072,0.88,13839,0.93,169,4688,197,1404,1300,72,32,9651,3606,255,0,0,0,0,0,0,0,0,0,161,20,46,227,163,13,11,2,46,5
5/17/2020,AJK,3572,186,3758,186,3758,108,4,112,1,0,1,0,112,2,0.02,12,0.11,8,0.07,90,0.8,98,0.88,16,329,43,34,32,2,0,0,77,1,-1,-1,-1,-1,-1,-1,-1,-1,-1,1,0,4,5,0,1,1,0,4,0
5/17/2020,Balochistan,18609,18,18627,585,17663,2457,87,2544,31,5,36,5,2544,146,0.06,2,0,13,0.01,2383,0.94,2396,0.94,96,2136,61,32,30,2,0,2059,417,36,-1,-1,-1,-1,-1,-1,-1,-1,-1,116,4,37,157,118,0,0,0,38,1
5/17/2020,GB,6660,148,6808,183,6356,518,9,527,4,0,4,0,527,166,0.31,5,0.01,27,0.05,329,0.62,356,0.68,26,151,13,21,21,0,0,154,348,4,-1,-1,-1,-1,-1,-1,-1,-1,-1,4,2,26,32,0,13,13,0,17,2
5/17/2020,ICT,24367,1018,25385,1018,25385,921,26,947,7,0,7,0,947,0,0,20,0.02,12,0.01,915,0.97,927,0.98,21,430,90,28,22,4,2,799,113,7,-1,-1,-1,-1,-1,-1,-1,-1,-1,54,39,37,130,117,2,2,0,10,1
5/17/2020,KP,36443,1470,37913,1470,38922,5678,169,5847,291,14,305,14,5847,71,0.01,753,0.13,315,0.05,4708,0.81,5023,0.86,200,5598,401,512,374,96,42,3331,1699,305,-1,-1,-1,-1,-1,-1,-1,-1,-1,159,59,143,361,204,42,42,0,112,3
5/17/2020,Punjab,132593,5918,138511,6266,163466,14201,383,14584,245,7,252,7,14584,768,0.05,1155,0.08,1926,0.13,10735,0.74,12661,0.87,207,7753,378,6669,6617,18,34,2780,4883,252,-1,-1,-1,-1,-1,-1,-1,-1,-1,77,81,77,235,43,93,93,0,99,0
5/17/2020,Sindh,113393,4467,117860,4467,117860,14916,674,15590,255,13,268,13,15590,280,0.02,836,0.05,767,0.05,13707,0.88,14474,0.93,169,4688,203,1384,1265,87,32,10134,3804,268,-1,-1,-1,-1,-1,-1,-1,-1,-1,178,22,49,249,185,13,11,2,46,5
5/20/2020,AJK,4090,23,4242,152,4242,115,18,133,1,0,1,0,133,2,0.02,12,0.09,8,0.06,111,0.83,119,0.89,16,329,43,55,51,4,0,0,77,1,-1,-1,-1,-1,-1,-1,-1,-1,-1,1,0,4,5,0,1,1,0,4,0
5/20/2020,Balochistan,19029,140,19381,565,19003,2820,65,2885,38,0,38,0,2885,146,0.05,2,0,13,0,2724,0.94,2737,0.95,96,2136,61,42,39,3,0,2197,608,38,-1,-1,-1,-1,-1,-1,-1,-1,-1,143,4,59,206,157,0,0,0,48,1
5/20/2020,GB,6985,0,7071,95,6731,550,6,556,4,0,4,0,556,166,0.3,5,0.01,27,0.05,358,0.64,385,0.69,26,151,62,20,20,0,0,142,390,4,-1,-1,-1,-1,-1,-1,-1,-1,-1,4,2,31,37,0,15,15,0,20,2
5/20/2020,ICT,27425,0,29033,1608,29033,1034,104,1138,9,0,9,0,1138,0,0,22,0.02,12,0.01,1104,0.97,1116,0.98,21,430,90,30,23,5,2,948,151,9,-1,-1,-1,-1,-1,-1,-1,-1,-1,57,41,41,139,123,3,3,0,12,1
5/20/2020,KP,40721,591,42121,1504,43329,6230,324,6554,334,11,345,11,6554,71,0.01,856,0.13,315,0.05,5312,0.81,5627,0.86,191,5473,508,512,384,88,40,3639,2058,345,-1,-1,-1,-1,-1,-1,-1,-1,-1,178,68,158,404,204,41,41,0,156,3
5/20/2020,Punjab,148621,2135,155679,6235,180540,15976,709,16685,273,16,289,16,16685,768,0.05,1210,0.07,1926,0.12,12781,0.77,14707,0.88,207,7753,387,8538,8471,16,51,2782,5076,289,-1,-1,-1,-1,-1,-1,-1,-1,-1,77,81,77,235,43,93,93,0,99,0
5/20/2020,Sindh,127573,0,131376,3803,131376,17241,706,17947,280,19,299,19,17947,280,0.02,926,0.05,767,0.04,15974,0.89,16741,0.93,169,4688,203,1534,1399,101,34,11373,4741,299,-1,-1,-1,-1,-1,-1,-1,-1,-1,242,28,63,333,233,11,10,1,84,5
5/21/2020,AJK,4242,33,4470,228,4470,133,15,148,1,0,1,0,148,2,0.01,12,0.08,8,0.05,126,0.85,134,0.91,16,329,43,68,64,4,0,0,79,1,-1,-1,-1,-1,-1,-1,-1,-1,-1,2,0,4,6,0,2,2,0,4,0
5/21/2020,Balochistan,19381,0,19394,343,19346,2885,83,2968,38,0,38,0,2968,146,0.05,2,0,13,0,2807,0.95,2820,0.95,96,2136,61,35,33,2,0,2259,636,38,-1,-1,-1,-1,-1,-1,-1,-1,-1,143,4,59,206,157,0,0,0,48,1
5/21/2020,GB,7071,107,7178,197,6928,556,23,579,4,0,4,0,579,166,0.29,5,0.01,27,0.05,381,0.66,408,0.7,26,151,62,22,22,0,0,151,402,4,-1,-1,-1,-1,-1,-1,-1,-1,-1,4,2,32,38,0,16,16,0,20,2
5/21/2020,ICT,29033,81,30364,1331,30364,1138,97,1235,9,1,10,1,1235,0,0,22,0.02,12,0.01,1201,0.97,1213,0.98,21,430,90,35,26,3,6,1039,151,10,-1,-1,-1,-1,-1,-1,-1,-1,-1,62,45,46,153,137,3,3,0,12,1
5/21/2020,KP,42121,632,43623,1644,44973,6554,261,6815,345,6,351,6,6815,71,0.01,926,0.14,315,0.05,5503,0.81,5818,0.85,191,5473,508,535,392,100,43,3799,2130,351,-1,-1,-1,-1,-1,-1,-1,-1,-1,181,68,164,413,209,37,37,0,164,3
5/21/2020,Punjab,155679,2201,162669,5439,185979,16685,697,17382,289,8,297,8,17382,768,0.04,1231,0.07,1926,0.11,13457,0.77,15383,0.88,207,7753,387,8718,8653,18,47,3255,5112,297,-1,-1,-1,-1,-1,-1,-1,-1,-1,77,81,77,235,43,93,93,0,99,0
5/21/2020,Sindh,131376,1336,137540,6164,137540,17947,1017,18964,299,17,316,17,18964,280,0.01,1005,0.05,767,0.04,16912,0.89,17679,0.93,169,4688,206,1487,1360,95,32,11516,5645,316,-1,-1,-1,-1,-1,-1,-1,-1,-1,269,29,66,364,262,10,8,2,87,5
5/22/2020,AJK,4470,28,4659,189,4659,148,10,158,1,0,1,0,158,2,0.01,12,0.08,8,0.05,136,0.86,144,0.91,16,329,43,78,74,4,0,0,79,1,-1,-1,-1,-1,-1,-1,-1,-1,-1,2,0,4,6,0,2,2,0,4,0
5/22/2020,Balochistan,19394,240,19698,542,19888,2968,106,3074,38,1,39,1,3074,146,0.05,2,0,13,0,2913,0.95,2926,0.95,96,2136,61,58,55,3,0,2253,724,39,-1,-1,-1,-1,-1,-1,-1,-1,-1,152,4,59,215,158,0,0,0,56,1
5/22/2020,GB,7178,40,7310,171,7099,579,23,602,4,0,4,0,602,166,0.28,5,0.01,27,0.04,404,0.67,431,0.72,26,151,62,25,25,0,0,161,412,4,-1,-1,-1,-1,-1,-1,-1,-1,-1,4,2,32,38,0,16,16,0,20,2
5/22/2020,ICT,30364,71,32126,1762,32126,1235,91,1326,10,2,12,2,1326,0,0,22,0.02,12,0.01,1292,0.97,1304,0.98,21,430,90,34,25,5,4,1129,151,12,-1,-1,-1,-1,-1,-1,-1,-1,-1,62,46,50,158,142,3,3,0,12,1
5/22/2020,KP,43623,283,45049,1789,46762,6815,340,7155,351,14,365,14,7155,71,0.01,985,0.14,315,0.04,5784,0.81,6099,0.85,191,5473,508,420,296,80,44,4172,2198,365,-1,-1,-1,-1,-1,-1,-1,-1,-1,186,70,169,425,230,22,22,0,170,3
5/22/2020,Punjab,162669,2487,165801,5931,191910,17382,1073,18455,297,13,310,13,18455,768,0.04,1231,0.07,1926,0.1,14530,0.79,16456,0.89,207,9276,387,9418,9358,13,47,3415,5312,310,-1,-1,-1,-1,-1,-1,-1,-1,-1,93,93,103,289,73,106,106,0,110,0
5/22/2020,Sindh,137540,1427,143543,6003,143543,18964,960,19924,316,20,336,20,19924,280,0.01,1005,0.05,767,0.04,17872,0.9,18639,0.94,169,4688,213,1528,1356,129,43,11735,6325,336,-1,-1,-1,-1,-1,-1,-1,-1,-1,285,32,72,389,266,13,11,2,103,7
